Customer_Segment,TotalCustomers,TotalOrders,TotalRevenue,AvgPurchaseFrequency,RetentionRate,ChurnPercentage,AvgCLV
Hibernating,532,3727,2133234.3899999494,7.0056390977443606,118.42105263157895,-18.421052631578945,2133234.3899999494
At Risk,1415,3127,1466938.9999999902,2.2098939929328623,82.75618374558304,17.243816254416956,1466938.9999999902
Potential Loyalist,440,497,158198.9999999983,1.1295454545454546,97.5,2.5,158198.9999999983
Champions,510,510,96689.1399999994,1.0,118.43137254901961,-18.431372549019613,96689.1399999994
Loyal,100,100,20426.459999999977,1.0,163.0,-63.0,20426.459999999977
